<?xml version="1.0" encoding="UTF-8"?>
<addon id="plugin.video.apalimarathi"
       name="ApaliMarathi"
       version="0.0.4"
       provider-name="[COLOR blue]PEN[/COLOR]guine">
  <requires>
    <import addon="xbmc.python" version="2.1.0"/>
        <import addon="script.module.parsedom" version="0.9.1"/>
	<import addon="script.module.urlresolver" version="0.0.1"/>
	<import addon="script.module.t0mm0.common" version="0.0.1"/>
  </requires>
  <extension point="xbmc.python.pluginsource"
            library="addon.py">
        <provides>video</provides>
  </extension>
  <extension point="xbmc.addon.metadata">
    <summary lang="en">Apali Marathi (apalimarathi.com)</summary>
    <description lang="en">Apali Marathi (apalimarathi.com) - Watch Latest Marathi Movies Online</description>
    <platform>all</platform>
  </extension>
</addon>
